Eje,Configuración,Parámetros,Latencia (ms),Test Acc (%),F1 Macro (%),ECE Pre-Calib (%),ECE Post-Calib (%),Temp Óptima T*
Normalización,Sin Normalización (Coordenadas Raw),677130,6.94,80.0,76.05,13.37,11.92,1.39
Normalización,Normalización Invariante (Muñeca + Escala),677130,8.87,80.0,76.5,17.49,16.16,1.071
Campo Receptivo,"Dilatación Corta [1, 2] (RF=9 frames)",232202,2.29,90.0,89.07,12.64,9.76,0.757
Campo Receptivo,"Dilatación Media [1, 2, 4] (RF=21 frames)",578058,8.41,96.67,96.57,8.76,6.88,0.89
Campo Receptivo,"Dilatación Estándar [1, 2, 4, 8] (RF=61 frames)",972810,8.13,78.33,74.5,12.17,5.92,0.878
Campo Receptivo,"Dilatación Profunda [1, 2, 4, 8, 16] (RF=125 frames)",1367562,15.8,78.33,74.52,9.5,8.47,0.667
Multi-Escala Temporal,Kernel Único (k=3),539178,9.72,100.0,100.0,19.38,2.43,0.387
Multi-Escala Temporal,"Dual-Scale (k=3, 5)",621098,14.84,91.67,90.82,20.45,3.95,0.408
Multi-Escala Temporal,"Multi-Scale Piramidal (k=3, 5, 7) [Propuesto]",697493,20.32,93.33,93.24,20.16,5.83,0.416
